Height,Weight,Head Round,Shoulder Width,Woman
183.0,81.0,55.0,3.965972567414873,0.0
176.0,81.0,55.0,3.8905977397761187,0.0
172.0,72.0,55.0,5.293162034907542,0.0
194.0,98.0,58.0,5.27832231230885,0.0
169.0,60.0,57.0,4.9118979828253835,0.0
184.0,76.0,56.0,4.412506456622783,0.0
173.0,71.0,51.0,4.02991273417935,1.0
170.0,76.0,52.0,4.372358428843898,1.0
149.0,42.0,55.0,3.2117048020543937,1.0
164.0,73.0,53.0,3.04846036150306,1.0
